1,3,5,MER,epochs
0.79875919459098,0.9421576640166431,0.9627015380043094,0.8838323798201947,16
0.795853921313668,0.9419326076457257,0.9631088159898948,0.8821191068841253,13
0.8008321878366831,0.9452019170041238,0.9658208567076568,0.8849054500873054,13
0.7959282237990861,0.9452390682468329,0.9659323104357841,0.8849426013300145,16
0.7968941561095219,0.9456105806739236,0.9669353939889289,0.8836051565924881,12
