,1,3,5,MER,epochs
count,5.0,5.0,5.0,5.0,5.0
mean,0.7976535367299877,0.9440283675174499,0.9648997830253148,0.8838809389428256,14.0
std,0.0021282787321331327,0.0018192137143680706,0.0018773682158273921,0.0011574990502962895,1.8708286933869707
min,0.795853921313668,0.9419326076457257,0.9627015380043094,0.8821191068841253,12.0
25%,0.7959282237990861,0.9421576640166431,0.9631088159898948,0.8836051565924881,13.0
50%,0.7968941561095219,0.9452019170041238,0.9658208567076568,0.8838323798201947,13.0
75%,0.79875919459098,0.9452390682468329,0.9659323104357841,0.8849054500873054,16.0
max,0.8008321878366831,0.9456105806739236,0.9669353939889289,0.8849426013300145,16.0
